"{0,100461}"
"{0,100465}"
"{0,100470}"
"{0,100487}"
"{0,100506}"
"{0,101116}"
"{0,101125}"
"{0,101918}"
"{0,101923}"
"{0,102488}"
"{0,102604}"
"{0,102610}"
"{0,103817}"
"{0,104743}"
"{0,104749}"
"{0,104757}"
"{0,104865}"
"{0,104875}"
"{0,104889}"
"{0,104892}"
"{0,104897}"
"{0,104905}"
"{0,104907}"
"{0,104914}"
"{0,104924}"
"{0,104942}"
"{0,104945}"
"{0,104950}"
"{0,104953}"
"{0,104958}"
"{0,104959}"
"{0,104968}"
"{0,104975}"
"{0,104980}"
"{0,104990}"
"{0,105024}"
"{0,105034}"
"{0,105047}"
"{0,105062}"
"{0,105065}"
"{0,105074}"
"{0,105091}"
"{0,105101}"
"{0,105111}"
"{0,105113}"
"{0,105123}"
"{0,105149}"
"{0,105158}"
"{0,105160}"
"{0,105165}"
"{0,105166}"
"{0,105170}"
"{0,105309}"
"{0,105310}"
"{0,105392}"
"{0,105402}"
"{0,105405}"
"{0,105408}"
"{0,105409}"
"{0,105536}"
"{0,105538}"
"{0,105541}"
"{0,105543}"
"{0,105547}"
"{0,105555}"
"{0,105864}"
"{0,105880}"
"{0,105898}"
"{0,107156}"
"{0,108257}"
"{0,108680}"
"{0,108722}"
"{0,109608}"
"{0,109914}"
"{0,109918}"
"{0,109920}"
"{0,11127}"
"{0,11140}"
"{0,112723}"
"{0,113073}"
"{0,113085}"
"{0,113103}"
"{0,11434}"
"{0,11437}"
"{0,11440}"
"{0,11446}"
"{0,11459}"
"{0,11465}"
"{0,115313}"
"{0,115691}"
"{0,11677}"
"{0,11682}"
"{0,11704}"
"{0,11723}"
"{0,11730}"
"{0,117445}"
"{0,11748}"
"{0,117488}"
"{0,11777}"
"{0,11808}"
"{0,11852}"
"{0,118653}"
"{0,118766}"
"{0,118768}"
"{0,11885}"
"{0,11888}"
"{0,11890}"
"{0,11891}"
"{0,11893}"
"{0,119112}"
"{0,119116}"
"{0,119118}"
"{0,119119}"
"{0,119123}"
"{0,119126}"
"{0,119130}"
"{0,119133}"
"{0,119140}"
"{0,119143}"
"{0,119153}"
"{0,119157}"
"{0,11958}"
"{0,119704}"
"{0,119708}"
"{0,119730}"
"{0,119747}"
"{0,119759}"
"{0,119767}"
"{0,119892}"
"{0,119902}"
"{0,120694}"
"{0,121398}"
"{0,121399}"
"{0,121401}"
"{0,12169}"
"{0,122088}"
"{0,122183}"
"{0,12242}"
"{0,122551}"
"{0,122606}"
"{0,122618}"
"{0,123022}"
"{0,123029}"
"{0,123035}"
"{0,123048}"
"{0,123070}"
"{0,12311}"
"{0,123154}"
"{0,123158}"
"{0,123190}"
"{0,123224}"
"{0,12330}"
"{0,12352}"
"{0,12361}"
"{0,123644}"
"{0,123706}"
"{0,123759}"
"{0,123826}"
"{0,12383}"
"{0,12401}"
"{0,12402}"
"{0,12410}"
"{0,12413}"
"{0,12445}"
"{0,12459}"
"{0,12503}"
"{0,12527}"
"{0,12669}"
"{0,12689}"
"{0,12694}"
"{0,12697}"
"{0,12701}"
"{0,12702}"
"{0,127170}"
"{0,12800}"
"{0,128113}"
"{0,128117}"
"{0,129323}"
"{0,129324}"
"{0,13014}"
"{0,13051}"
"{0,13069}"
"{0,13113}"
"{0,13125}"
"{0,13141}"
"{0,13144}"
"{0,13158}"
"{0,13159}"
"{0,13218}"
"{0,13220}"
"{0,13221}"
"{0,13224}"
"{0,13226}"
"{0,132344}"
"{0,132890}"
"{0,132998}"
"{0,13335}"
"{0,13474}"
"{0,136115}"
"{0,136164}"
"{0,136232}"
"{0,136233}"
"{0,136342}"
"{0,136353}"
"{0,136358}"
"{0,137023}"
"{0,137032}"
"{0,138310}"
"{0,138358}"
"{0,139125}"
"{0,13955}"
"{0,13963}"
"{0,13969}"
"{0,14120}"
"{0,14124}"
"{0,14165}"
"{0,14166}"
"{0,14222}"
"{0,14265}"
"{0,14301}"
"{0,14306}"
"{0,14312}"
"{0,14316}"
"{0,143178}"
"{0,143179}"
"{0,143191}"
"{0,143281}"
"{0,14355}"
"{0,143556}"
"{0,14360}"
"{0,143675}"
"{0,144368}"
"{0,144369}"
"{0,144381}"
"{0,14468}"
"{0,144683}"
"{0,14470}"
"{0,14503}"
"{0,14521}"
"{0,146156}"
"{0,14683}"
"{0,14736}"
"{0,147373}"
"{0,147382}"
"{0,147523}"
"{0,147525}"
"{0,14763}"
"{0,14770}"
"{0,14803}"
"{0,14838}"
"{0,14872}"
"{0,148807}"
"{0,149031}"
"{0,149093}"
"{0,14951}"
"{0,149561}"
"{0,149950}"
"{0,149958}"
"{0,15003}"
"{0,150032}"
"{0,15007}"
"{0,150139}"
"{0,150397}"
"{0,15057}"
"{0,15060}"
"{0,15061}"
"{0,15064}"
"{0,150671}"
"{0,150778}"
"{0,15133}"
"{0,151555}"
"{0,151656}"
"{0,151781}"
"{0,152768}"
"{0,153050}"
"{0,153181}"
"{0,153416}"
"{0,153655}"
"{0,153689}"
"{0,155247}"
"{0,155590}"
"{0,15565}"
"{0,156108}"
"{0,156341}"
"{0,156508}"
"{0,156518}"
"{0,157584}"
"{0,158242}"
"{0,158298}"
"{0,15896}"
"{0,159042}"
"{0,159093}"
"{0,159356}"
"{0,159369}"
"{0,159378}"
"{0,15940}"
"{0,159573}"
"{0,159585}"
"{0,159818}"
"{0,159911}"
"{0,15998}"
"{0,160192}"
"{0,16074}"
"{0,160861}"
"{0,16117}"
"{0,16144}"
"{0,161496}"
"{0,162068}"
"{0,162363}"
"{0,162592}"
"{0,162955}"
"{0,162960}"
"{0,163021}"
"{0,163430}"
"{0,164088}"
"{0,164089}"
"{0,164091}"
"{0,164092}"
"{0,164095}"
"{0,164096}"
"{0,164167}"
"{0,164302}"
"{0,164416}"
"{0,164898}"
"{0,165834}"
"{0,166127}"
"{0,166415}"
"{0,166739}"
"{0,166971}"
"{0,167739}"
"{0,167748}"
"{0,169057}"
"{0,16947}"
"{0,16969}"
"{0,17009}"
"{0,17032}"
"{0,170583}"
"{0,17071}"
"{0,17080}"
"{0,17086}"
"{0,17094}"
"{0,17105}"
"{0,17139}"
"{0,17147}"
"{0,171771}"
"{0,171796}"
"{0,173374}"
"{0,17499}"
"{0,175218}"
"{0,175459}"
"{0,17672}"
"{0,17687}"
"{0,17693}"
"{0,17749}"
"{0,178092}"
"{0,179865}"
"{0,180877}"
"{0,181060}"
"{0,183826}"
"{0,184746}"
"{0,185020}"
"{0,18508}"
"{0,18549}"
"{0,185918}"
"{0,186114}"
"{0,186397}"
"{0,18643}"
"{0,18650}"
"{0,187489}"
"{0,18774}"
"{0,18862}"
"{0,19038}"
"{0,19057}"
"{0,19064}"
"{0,19088}"
"{0,19661}"
"{0,20698}"
"{0,20705}"
"{0,20773}"
"{0,21200}"
"{0,213140}"
"{0,213141}"
"{0,213246}"
"{0,21328}"
"{0,213867}"
"{0,21390}"
"{0,213909}"
"{0,214007}"
"{0,214086}"
"{0,214139}"
"{0,21418}"
"{0,21422}"
"{0,214416}"
"{0,214769}"
"{0,214852}"
"{0,215064}"
"{0,215702}"
"{0,216358}"
"{0,216437}"
"{0,216691}"
"{0,216693}"
"{0,217089}"
"{0,217253}"
"{0,217950}"
"{0,217951}"
"{0,217953}"
"{0,217956}"
"{0,218594}"
"{0,218622}"
"{0,218623}"
"{0,219567}"
"{0,219663}"
"{0,220007}"
"{0,220130}"
"{0,220167}"
"{0,220170}"
"{0,220194}"
"{0,220521}"
"{0,220797}"
"{0,220853}"
"{0,221108}"
"{0,224162}"
"{0,224191}"
"{0,224291}"
"{0,224390}"
"{0,224551}"
"{0,22457}"
"{0,224899}"
"{0,224917}"
"{0,22506}"
"{0,22515}"
"{0,225202}"
"{0,225204}"
"{0,22522}"
"{0,225354}"
"{0,226333}"
"{0,226363}"
"{0,226574}"
"{0,226991}"
"{0,227529}"
"{0,227531}"
"{0,227532}"
"{0,228446}"
"{0,228460}"
"{0,228592}"
"{0,228879}"
"{0,22891}"
"{0,22920}"
"{0,229355}"
"{0,23490}"
"{0,23653}"
"{0,23861}"
"{0,24081}"
"{0,24093}"
"{0,24113}"
"{0,24133}"
"{0,24152}"
"{0,24229}"
"{0,24234}"
"{0,24581}"
"{0,24774}"
"{0,24856}"
"{0,24889}"
"{0,24975}"
"{0,24998}"
"{0,25015}"
"{0,25017}"
"{0,25117}"
"{0,25120}"
"{0,25123}"
"{0,25139}"
"{0,25141}"
"{0,25144}"
"{0,25155}"
"{0,25158}"
"{0,25170}"
"{0,25187}"
"{0,25188}"
"{0,25191}"
"{0,25198}"
"{0,25200}"
"{0,25222}"
"{0,25223}"
"{0,25226}"
"{0,25230}"
"{0,25243}"
"{0,25248}"
"{0,25255}"
"{0,25256}"
"{0,25261}"
"{0,25274}"
"{0,25279}"
"{0,25283}"
"{0,25287}"
"{0,25289}"
"{0,25295}"
"{0,25312}"
"{0,25332}"
"{0,25343}"
"{0,25377}"
"{0,25380}"
"{0,25446}"
"{0,26288}"
"{0,26342}"
"{0,26362}"
"{0,26364}"
"{0,26380}"
"{0,26479}"
"{0,26482}"
"{0,26489}"
"{0,26510}"
"{0,27131}"
"{0,27755}"
"{0,27792}"
"{0,27846}"
"{0,30600}"
"{0,30601}"
"{0,30618}"
"{0,30629}"
"{0,30637}"
"{0,30638}"
"{0,30645}"
"{0,30653}"
"{0,30663}"
"{0,30669}"
"{0,30989}"
"{0,31089}"
"{0,31376}"
"{0,32219}"
"{0,32305}"
"{0,32340}"
"{0,32346}"
"{0,32377}"
"{0,32426}"
"{0,32427}"
"{0,32437}"
"{0,32710}"
"{0,32713}"
"{0,32716}"
"{0,33972}"
"{0,33980}"
"{0,34034}"
"{0,34037}"
"{0,34075}"
"{0,34113}"
"{0,34144}"
"{0,34152}"
"{0,34192}"
"{0,34193}"
"{0,34198}"
"{0,34199}"
"{0,34216}"
"{0,34217}"
"{0,34230}"
"{0,34233}"
"{0,34235}"
"{0,34237}"
"{0,34238}"
"{0,34244}"
"{0,34251}"
"{0,34253}"
"{0,34255}"
"{0,34257}"
"{0,34260}"
"{0,34266}"
"{0,34274}"
"{0,34275}"
"{0,34283}"
"{0,34286}"
"{0,34287}"
"{0,34291}"
"{0,34292}"
"{0,34301}"
"{0,34302}"
"{0,34307}"
"{0,34346}"
"{0,34356}"
"{0,34415}"
"{0,34426}"
"{0,34664}"
"{0,34725}"
"{0,34730}"
"{0,34993}"
"{0,35274}"
"{0,35318}"
"{0,35960}"
"{0,35969}"
"{0,35973}"
"{0,35981}"
"{0,36041}"
"{0,36047}"
"{0,36070}"
"{0,36139}"
"{0,36160}"
"{0,36176}"
"{0,36184}"
"{0,36205}"
"{0,36234}"
"{0,36247}"
"{0,36251}"
"{0,36291}"
"{0,36292}"
"{0,36296}"
"{0,36298}"
"{0,36301}"
"{0,36302}"
"{0,36303}"
"{0,36315}"
"{0,36317}"
"{0,36323}"
"{0,36331}"
"{0,36340}"
"{0,36343}"
"{0,36349}"
"{0,36358}"
"{0,36384}"
"{0,36389}"
"{0,36407}"
"{0,36417}"
"{0,36425}"
"{0,36430}"
"{0,36440}"
"{0,36453}"
"{0,36473}"
"{0,36476}"
"{0,36479}"
"{0,36490}"
"{0,36499}"
"{0,36502}"
"{0,36504}"
"{0,36513}"
"{0,36515}"
"{0,36520}"
"{0,36534}"
"{0,36577}"
"{0,36582}"
"{0,36588}"
"{0,36606}"
"{0,36635}"
"{0,36650}"
"{0,36677}"
"{0,36679}"
"{0,36686}"
"{0,36704}"
"{0,36706}"
"{0,36714}"
"{0,36730}"
"{0,36731}"
"{0,36732}"
"{0,36745}"
"{0,36746}"
"{0,36760}"
"{0,36762}"
"{0,36774}"
"{0,36800}"
"{0,36834}"
"{0,37720}"
"{0,37925}"
"{0,37961}"
"{0,37963}"
"{0,37966}"
"{0,37970}"
"{0,38033}"
"{0,38036}"
"{0,38037}"
"{0,38066}"
"{0,38604}"
"{0,38624}"
"{0,38628}"
"{0,38671}"
"{0,38691}"
"{0,38698}"
"{0,38721}"
"{0,38759}"
"{0,38772}"
"{0,38850}"
"{0,38857}"
"{0,39179}"
"{0,39185}"
"{0,39207}"
"{0,39232}"
"{0,39315}"
"{0,39338}"
"{0,39362}"
"{0,39715}"
"{0,39876}"
"{0,39880}"
"{0,39883}"
"{0,39942}"
"{0,39943}"
"{0,39944}"
"{0,40918}"
"{0,41901}"
"{0,41903}"
"{0,43184}"
"{0,43203}"
"{0,46665}"
"{0,48330}"
"{0,51752}"
"{0,51759}"
"{0,5189}"
"{0,51908}"
"{0,5198}"
"{0,5207}"
"{0,5209}"
"{0,52300}"
"{0,52359}"
"{0,52454}"
"{0,52455}"
"{0,52560}"
"{0,52582}"
"{0,52583}"
"{0,52670}"
"{0,52819}"
"{0,53099}"
"{0,5316}"
"{0,5317}"
"{0,5327}"
"{0,5340}"
"{0,53412}"
"{0,5354}"
"{0,53651}"
"{0,53657}"
"{0,5367}"
"{0,5395}"
"{0,54676}"
"{0,54678}"
"{0,54682}"
"{0,5471}"
"{0,54904}"
"{0,55047}"
"{0,55049}"
"{0,55379}"
"{0,55392}"
"{0,55394}"
"{0,55439}"
"{0,55481}"
"{0,55648}"
"{0,55705}"
"{0,55953}"
"{0,55955}"
"{0,55969}"
"{0,55989}"
"{0,56065}"
"{0,56070}"
"{0,56241}"
"{0,5702}"
"{0,57494}"
"{0,57500}"
"{0,57506}"
"{0,57644}"
"{0,57696}"
"{0,57707}"
"{0,57713}"
"{0,57714}"
"{0,57716}"
"{0,57722}"
"{0,57728}"
"{0,57736}"
"{0,57742}"
"{0,57757}"
"{0,57762}"
"{0,57823}"
"{0,57854}"
"{0,57883}"
"{0,58000}"
"{0,58138}"
"{0,58139}"
"{0,58173}"
"{0,58217}"
"{0,58221}"
"{0,58279}"
"{0,58282}"
"{0,58299}"
"{0,58300}"
"{0,58306}"
"{0,58311}"
"{0,58319}"
"{0,58336}"
"{0,58351}"
"{0,58358}"
"{0,58468}"
"{0,58472}"
"{0,58483}"
"{0,58590}"
"{0,58775}"
"{0,61960}"
"{0,61970}"
"{0,61973}"
"{0,61977}"
"{0,62129}"
"{0,62141}"
"{0,62407}"
"{0,62418}"
"{0,62493}"
"{0,62497}"
"{0,62538}"
"{0,62607}"
"{0,62623}"
"{0,62849}"
"{0,62941}"
"{0,62944}"
"{0,62993}"
"{0,62998}"
"{0,63001}"
"{0,63004}"
"{0,63038}"
"{0,63099}"
"{0,63164}"
"{0,63178}"
"{0,64329}"
"{0,65336}"
"{0,65448}"
"{0,65529}"
"{0,65531}"
"{0,65533}"
"{0,65544}"
"{0,65570}"
"{0,65679}"
"{0,65686}"
"{0,66504}"
"{0,66513}"
"{0,66516}"
"{0,66549}"
"{0,66566}"
"{0,66586}"
"{0,66615}"
"{0,66697}"
"{0,66761}"
"{0,6740}"
"{0,6750}"
"{0,6775}"
"{0,6808}"
"{0,6834}"
"{0,71381}"
"{0,71390}"
"{0,71394}"
"{0,71398}"
"{0,71400}"
"{0,71409}"
"{0,71410}"
"{0,71417}"
"{0,71418}"
"{0,71422}"
"{0,71423}"
"{0,71425}"
"{0,71426}"
"{0,71429}"
"{0,71435}"
"{0,71440}"
"{0,71449}"
"{0,71454}"
"{0,71459}"
"{0,71476}"
"{0,71494}"
"{0,71545}"
"{0,71558}"
"{0,71586}"
"{0,71614}"
"{0,71615}"
"{0,71622}"
"{0,71623}"
"{0,71626}"
"{0,71635}"
"{0,71645}"
"{0,71663}"
"{0,71692}"
"{0,71783}"
"{0,7189}"
"{0,7192}"
"{0,7200}"
"{0,72620}"
"{0,72632}"
"{0,72640}"
"{0,72647}"
"{0,72650}"
"{0,72668}"
"{0,72673}"
"{0,72692}"
"{0,72711}"
"{0,72734}"
"{0,72780}"
"{0,72814}"
"{0,72880}"
"{0,72900}"
"{0,72970}"
"{0,72996}"
"{0,73003}"
"{0,73010}"
"{0,73032}"
"{0,73110}"
"{0,73114}"
"{0,73133}"
"{0,73140}"
"{0,73160}"
"{0,73166}"
"{0,73170}"
"{0,73177}"
"{0,73182}"
"{0,73184}"
"{0,73191}"
"{0,73199}"
"{0,73209}"
"{0,74713}"
"{0,74836}"
"{0,74854}"
"{0,74870}"
"{0,74921}"
"{0,75242}"
"{0,75245}"
"{0,75247}"
"{0,75402}"
"{0,77452}"
"{0,77482}"
"{0,77492}"
"{0,77519}"
"{0,77520}"
"{0,77554}"
"{0,77562}"
"{0,79182}"
"{0,80181}"
"{0,80309}"
"{0,80512}"
"{0,80747}"
"{0,80869}"
"{0,82783}"
"{0,82880}"
"{0,82900}"
"{0,82907}"
"{0,86531}"
"{0,8697}"
"{0,88610}"
"{0,88619}"
"{0,88709}"
"{0,88827}"
"{0,89972}"
"{0,90725}"
"{0,90739}"
"{0,90923}"
"{0,91196}"
"{0,91208}"
"{0,91213}"
"{0,91265}"
"{0,91403}"
"{0,91422}"
"{0,91439}"
"{0,91448}"
"{0,91482}"
"{0,91496}"
"{0,91519}"
"{0,91526}"
"{0,91578}"
"{0,91582}"
"{0,91629}"
"{0,91696}"
"{0,91745}"
"{0,91760}"
"{0,91785}"
"{0,91794}"
"{0,91853}"
"{0,91941}"
"{0,91943}"
"{0,92016}"
"{0,92024}"
"{0,92116}"
"{0,92119}"
"{0,92177}"
"{0,92187}"
"{0,92204}"
"{0,92216}"
"{0,92371}"
"{0,92374}"
"{0,92385}"
"{0,92386}"
"{0,92389}"
"{0,92407}"
"{0,92428}"
"{0,92430}"
"{0,92435}"
"{0,92451}"
"{0,92494}"
"{0,92569}"
"{0,92583}"
"{0,92738}"
"{0,92804}"
"{0,92856}"
"{0,92874}"
"{0,92892}"
"{0,92895}"
"{0,92898}"
"{0,92900}"
"{0,92982}"
"{0,92986}"
"{0,93006}"
"{0,93018}"
"{0,93043}"
"{0,93091}"
"{0,93156}"
"{0,93168}"
"{0,93172}"
"{0,93185}"
"{0,93227}"
"{0,93297}"
"{0,93356}"
"{0,93547}"
"{0,93595}"
"{0,93617}"
"{0,93641}"
"{0,93646}"
"{0,93650}"
"{0,93750}"
"{0,93761}"
"{0,93765}"
"{0,93767}"
"{0,93768}"
"{0,94000}"
"{0,94005}"
"{0,94099}"
"{0,94299}"
"{0,94398}"
"{0,94422}"
"{0,95577}"
"{0,95767}"
"{0,95794}"
"{0,96626}"
"{0,98176}"
"{0,98177}"
"{0,98810}"
"{0,98895}"
"{0,98988}"
"{0,99781}"
"{0,99792}"
"{0,99860}"
"{0,99963}"
"{0,99971}"
"{0,99983}"
"{0,99990}"
"{0,99992}"
"{100028,0}"
"{100064,0}"
"{100252,113011}"
"{100270,0}"
"{100273,100270}"
"{100461,0}"
"{100465,0}"
"{100470,0}"
"{100473,66488}"
"{100474,100473}"
"{100487,0}"
"{100506,0}"
"{100517,0}"
"{100519,100517}"
"{100526,0}"
"{100798,100803}"
"{100802,0}"
"{100803,0}"
"{101116,101199}"
"{101125,111247}"
"{101198,0}"
"{101199,0}"
"{101265,0}"
"{101916,173645}"
"{101918,101916}"
"{101922,0}"
"{101923,101922}"
"{102488,17976}"
"{102604,0}"
"{102607,0}"
"{102610,0}"
"{103119,0}"
"{103246,0}"
"{103817,148820}"
"{104743,0}"
"{104749,0}"
"{104757,0}"
"{104864,0}"
"{104865,104864}"
"{104867,104868}"
"{104875,0}"
"{104888,0}"
"{104889,0}"
"{104892,0}"
"{104897,0}"
"{104905,0}"
"{104907,0}"
"{104914,104916}"
"{104916,0}"
"{104918,140429}"
"{104924,0}"
"{104942,0}"
"{104945,0}"
"{104950,159877}"
"{104956,0}"
"{104958,225889}"
"{104959,0}"
"{104968,0}"
"{104975,0}"
"{104980,0}"
"{104989,151742}"
"{104990,104989}"
"{104996,0}"
"{104998,104996}"
"{105024,166364}"
"{105034,0}"
"{105047,0}"
"{105062,0}"
"{105065,0}"
"{105069,0}"
"{105074,105078}"
"{105078,0}"
"{105091,159895}"
"{105094,0}"
"{105099,0}"
"{105100,105099}"
"{105101,105100}"
"{105111,0}"
"{105113,150311}"
"{105123,0}"
"{105149,0}"
"{105158,0}"
"{105160,0}"
"{105165,0}"
"{105166,105168}"
"{105168,159924}"
"{105170,0}"
"{105309,0}"
"{105310,0}"
"{105392,0}"
"{105402,0}"
"{105404,0}"
"{105405,105404}"
"{105408,105406}"
"{105409,0}"
"{105411,0}"
"{105536,0}"
"{105538,0}"
"{105541,0}"
"{105543,12082}"
"{105547,105549}"
"{105549,0}"
"{105555,105554}"
"{105841,105843}"
"{105854,0}"
"{105857,105854}"
"{105864,0}"
"{105880,0}"
"{105898,0}"
"{106002,106001}"
"{106005,106002}"
"{106007,106005}"
"{107156,0}"
"{108257,0}"
"{108680,108687}"
"{108722,0}"
"{109587,175527}"
"{109607,0}"
"{109608,0}"
"{109912,0}"
"{109913,109912}"
"{109914,109913}"
"{109915,109916}"
"{109916,121935}"
"{109918,72629}"
"{109920,228728}"
"{111247,101198}"
"{11127,11144}"
"{11140,217952}"
"{11144,0}"
"{112723,112753}"
"{112753,0}"
"{113011,0}"
"{113073,0}"
"{113085,0}"
"{11401,0}"
"{11402,0}"
"{114042,114046}"
"{114043,114047}"
"{114046,0}"
"{114047,222967}"
"{11434,0}"
"{11437,0}"
"{11440,11443}"
"{11442,11456}"
"{11443,0}"
"{11446,0}"
"{11450,0}"
"{11451,0}"
"{11452,11450}"
"{11459,11442}"
"{11465,0}"
"{11475,11474}"
"{11477,11475}"
"{11478,11477}"
"{11496,11495}"
"{11529,80538}"
"{115313,0}"
"{115316,0}"
"{11532,11529}"
"{115691,115700}"
"{115700,0}"
"{11675,0}"
"{11677,11678}"
"{11678,11679}"
"{11679,174288}"
"{11680,0}"
"{11681,11680}"
"{11682,11681}"
"{11692,11694}"
"{11694,11695}"
"{11695,11696}"
"{11696,0}"
"{11702,0}"
"{11703,173076}"
"{11704,11703}"
"{11720,159365}"
"{11730,0}"
"{11739,11741}"
"{117445,0}"
"{11746,224171}"
"{11748,11746}"
"{11765,0}"
"{11774,0}"
"{11775,11774}"
"{11776,11775}"
"{11777,11776}"
"{11780,0}"
"{11808,0}"
"{11834,11836}"
"{11836,0}"
"{11852,213889}"
"{11874,11875}"
"{11875,11876}"
"{11876,0}"
"{118764,225138}"
"{118766,0}"
"{118768,228148}"
"{118770,0}"
"{118771,118764}"
"{11884,80360}"
"{11885,11884}"
"{11888,0}"
"{11891,98967}"
"{11893,0}"
"{119112,0}"
"{119116,119134}"
"{119118,218731}"
"{119119,0}"
"{119123,118770}"
"{119126,0}"
"{119130,218727}"
"{119132,0}"
"{119133,0}"
"{119134,0}"
"{119140,0}"
"{119143,0}"
"{119153,0}"
"{119157,0}"
"{119158,0}"
"{119174,0}"
"{11946,0}"
"{11947,11946}"
"{11948,11947}"
"{11949,11948}"
"{11950,11949}"
"{11957,162755}"
"{11958,11957}"
"{11959,11960}"
"{11960,11961}"
"{119704,0}"
"{119708,0}"
"{119713,0}"
"{119717,119757}"
"{119723,0}"
"{119730,0}"
"{119747,123219}"
"{119757,65441}"
"{119759,0}"
"{119767,0}"
"{119775,218633}"
"{119786,0}"
"{119892,221807}"
"{119899,123100}"
"{119900,162696}"
"{119902,0}"
"{11993,0}"
"{120694,0}"
"{120732,108721}"
"{120901,219579}"
"{120902,0}"
"{120914,23694}"
"{120964,14517}"
"{120966,0}"
"{120967,120966}"
"{121325,222921}"
"{121401,36406}"
"{121423,35303}"
"{121445,122431}"
"{121664,163416}"
"{12167,0}"
"{12168,12167}"
"{12169,12168}"
"{121935,0}"
"{121979,0}"
"{122087,103246}"
"{122088,122087}"
"{122183,216380}"
"{122393,36347}"
"{12242,213891}"
"{122551,5336}"
"{122606,0}"
"{12270,160871}"
"{12277,12279}"
"{12279,0}"
"{122791,100479}"
"{123011,218424}"
"{123022,0}"
"{123029,225140}"
"{123035,0}"
"{123048,0}"
"{123048,219664}"
"{123070,0}"
"{123087,120901}"
"{12309,0}"
"{123105,119899}"
"{12311,12309}"
"{123154,0}"
"{123158,0}"
"{12319,0}"
"{123190,0}"
"{123217,119713}"
"{123224,0}"
"{12330,0}"
"{123326,119158}"
"{12352,0}"
"{12361,12363}"
"{12363,0}"
"{123644,223923}"
"{123705,0}"
"{123706,213425}"
"{12372,172210}"
"{12373,12375}"
"{123735,57820}"
"{123737,183116}"
"{123738,123737}"
"{123741,123738}"
"{123743,123741}"
"{123759,0}"
"{12376,136162}"
"{123826,0}"
"{12383,12387}"
"{123835,0}"
"{123836,123835}"
"{12398,0}"
"{12401,12398}"
"{12402,0}"
"{12404,0}"
"{12405,12404}"
"{12410,12405}"
"{12413,215174}"
"{12445,224326}"
"{12459,0}"
"{12503,0}"
"{12527,150081}"
"{125548,173436}"
"{12572,0}"
"{12576,173977}"
"{12580,183747}"
"{12613,187190}"
"{12624,12622}"
"{12625,187189}"
"{12628,229634}"
"{12642,0}"
"{12644,12642}"
"{12645,12644}"
"{12646,12645}"
"{12658,0}"
"{12659,12658}"
"{12669,94069}"
"{12673,0}"
"{12686,12673}"
"{12689,0}"
"{12689,12716}"
"{12694,131059}"
"{12696,0}"
"{12697,0}"
"{12701,12700}"
"{12702,214364}"
"{12706,12708}"
"{12708,12710}"
"{12710,135427}"
"{12732,0}"
"{12734,229061}"
"{12761,0}"
"{12800,0}"
"{128117,0}"
"{128183,39946}"
"{128208,27142}"
"{12838,0}"
"{12841,0}"
"{12842,12841}"
"{12853,0}"
"{129182,92367}"
"{129323,222688}"
"{129324,129327}"
"{13014,53101}"
"{13042,0}"
"{13045,105411}"
"{13048,0}"
"{13051,13048}"
"{13069,13070}"
"{13070,13042}"
"{130995,130996}"
"{13113,0}"
"{13125,0}"
"{131307,131314}"
"{131314,131318}"
"{131318,131320}"
"{13141,13147}"
"{13144,13155}"
"{13147,0}"
"{13155,0}"
"{13158,13165}"
"{13159,94690}"
"{13165,13168}"
"{13168,13177}"
"{13177,13182}"
"{13182,0}"
"{13221,164402}"
"{13223,0}"
"{13226,13223}"
"{132344,0}"
"{132480,132479}"
"{132890,132889}"
"{132891,0}"
"{132981,0}"
"{132992,132995}"
"{132994,132981}"
"{132995,132994}"
"{132997,132992}"
"{132998,132997}"
"{13320,0}"
"{13335,13320}"
"{133511,133513}"
"{133513,0}"
"{133522,0}"
"{133523,133522}"
"{133579,71699}"
"{13474,0}"
"{13505,0}"
"{13508,13505}"
"{13509,13508}"
"{13515,13514}"
"{13516,13515}"
"{135427,0}"
"{13550,13548}"
"{135651,91429}"
"{136103,0}"
"{136104,136103}"
"{136106,136104}"
"{136110,136106}"
"{136112,136111}"
"{136115,136112}"
"{136119,0}"
"{136123,136119}"
"{136156,136158}"
"{136158,0}"
"{136162,0}"
"{136164,136160}"
"{136232,0}"
"{136233,136265}"
"{136265,0}"
"{136342,136345}"
"{136343,0}"
"{136344,0}"
"{136345,136344}"
"{136347,136349}"
"{136349,136350}"
"{136351,136343}"
"{136353,0}"
"{136358,0}"
"{137022,161736}"
"{137023,137022}"
"{137028,0}"
"{137032,137028}"
"{13716,13709}"
"{137588,0}"
"{137591,0}"
"{138232,0}"
"{138305,224244}"
"{138310,138311}"
"{138343,138345}"
"{138347,138348}"
"{138348,138352}"
"{138360,0}"
"{138424,119775}"
"{139125,139231}"
"{139231,0}"
"{13955,0}"
"{13963,216894}"
"{13969,0}"
"{13970,13972}"
"{140429,213211}"
"{14120,14109}"
"{14124,14126}"
"{14165,14163}"
"{14166,223230}"
"{14222,102249}"
"{14265,0}"
"{142837,0}"
"{14301,0}"
"{143107,19015}"
"{14312,0}"
"{14316,185573}"
"{143176,0}"
"{143178,58523}"
"{143179,0}"
"{143191,143192}"
"{143192,0}"
"{143231,91848}"
"{143281,57400}"
"{143304,0}"
"{14355,0}"
"{143556,0}"
"{143568,22907}"
"{14360,14362}"
"{14364,0}"
"{143675,143676}"
"{143676,143677}"
"{143677,216911}"
"{143751,0}"
"{14401,14400}"
"{144368,0}"
"{144369,91706}"
"{144381,144382}"
"{144382,217143}"
"{144683,52561}"
"{14470,14463}"
"{14488,120967}"
"{144931,0}"
"{14503,0}"
"{14505,14506}"
"{14506,14507}"
"{14517,158694}"
"{14521,0}"
"{146156,123836}"
"{14665,69283}"
"{14674,14678}"
"{14678,0}"
"{14683,0}"
"{14687,0}"
"{14708,14687}"
"{14716,181081}"
"{14721,14716}"
"{147214,0}"
"{14736,14731}"
"{147373,0}"
"{147381,227071}"
"{147382,0}"
"{147402,0}"
"{14747,224890}"
"{147523,0}"
"{147525,0}"
"{14763,14747}"
"{14770,0}"
"{14793,0}"
"{14803,14806}"
"{14806,14811}"
"{14811,0}"
"{148359,11478}"
"{148365,142837}"
"{14838,14840}"
"{14840,14841}"
"{14841,153608}"
"{14842,0}"
"{148481,186743}"
"{14859,14855}"
"{14866,14859}"
"{14869,14866}"
"{14872,14869}"
"{148802,148803}"
"{148803,0}"
"{148804,0}"
"{148805,148802}"
"{148806,148805}"
"{148807,148806}"
"{148812,148813}"
"{148813,229456}"
"{148832,0}"
"{148852,92792}"
"{148945,71776}"
"{149031,151662}"
"{149093,0}"
"{149490,0}"
"{14951,0}"
"{149528,38520}"
"{149950,0}"
"{149958,0}"
"{149991,150031}"
"{15003,0}"
"{150031,22512}"
"{150032,166472}"
"{15022,15024}"
"{15024,223236}"
"{150396,57698}"
"{150397,150744}"
"{150411,62833}"
"{150425,58327}"
"{150482,57761}"
"{150489,58332}"
"{15057,0}"
"{15060,0}"
"{15061,181814}"
"{150671,181410}"
"{150677,120732}"
"{15068,0}"
"{150744,92471}"
"{150778,34162}"
"{151110,158455}"
"{151111,151110}"
"{151282,100526}"
"{15133,0}"
"{151333,14793}"
"{151551,0}"
"{151552,0}"
"{151562,151563}"
"{151563,72810}"
"{151656,219856}"
"{151660,0}"
"{151662,151660}"
"{151693,36768}"
"{151742,0}"
"{151781,217865}"
"{152158,152157}"
"{152170,0}"
"{152298,105094}"
"{15246,15243}"
"{152768,58694}"
"{152800,43199}"
"{153181,186123}"
"{153264,224929}"
"{153416,224290}"
"{153463,153464}"
"{153464,0}"
"{153608,14842}"
"{153655,153656}"
"{153656,0}"
"{153675,0}"
"{153682,0}"
"{153689,0}"
"{153724,0}"
"{155164,54888}"
"{155247,105069}"
"{155271,40149}"
"{155590,129182}"
"{15565,0}"
"{155789,98960}"
"{155837,99857}"
"{155854,0}"
"{155962,185761}"
"{156068,219388}"
"{156108,227340}"
"{156341,0}"
"{156353,100064}"
"{156508,156510}"
"{156511,0}"
"{156518,222944}"
"{156523,156511}"
"{156601,16024}"
"{156859,153463}"
"{157584,0}"
"{157711,24318}"
"{15793,219392}"
"{158048,93748}"
"{158141,38710}"
"{158155,185786}"
"{158156,158155}"
"{158199,158200}"
"{158200,0}"
"{158220,111652}"
"{158242,173549}"
"{158298,222615}"
"{158547,119900}"
"{158693,0}"
"{158694,158693}"
"{158886,93550}"
"{159037,0}"
"{159057,36592}"
"{159093,0}"
"{159099,91269}"
"{159102,159103}"
"{159103,0}"
"{159126,44794}"
"{15924,15942}"
"{159263,0}"
"{159308,0}"
"{159327,92642}"
"{159328,159327}"
"{159356,0}"
"{159369,0}"
"{159378,0}"
"{15940,15950}"
"{15942,15952}"
"{15950,15954}"
"{159503,91777}"
"{159505,0}"
"{15952,166080}"
"{159531,164717}"
"{159558,164081}"
"{159560,25336}"
"{159573,159576}"
"{159581,103119}"
"{159585,63169}"
"{159629,138232}"
"{15966,15970}"
"{15970,219537}"
"{159754,182063}"
"{159755,0}"
"{159818,0}"
"{159826,11765}"
"{159877,0}"
"{159895,152298}"
"{159905,105038}"
"{159911,36682}"
"{159919,220168}"
"{159924,0}"
"{15998,219386}"
"{160037,40938}"
"{160121,65798}"
"{160143,21126}"
"{160192,58142}"
"{160194,0}"
"{16024,0}"
"{160288,22859}"
"{160289,160288}"
"{160351,57527}"
"{160352,160351}"
"{160408,63174}"
"{16074,214360}"
"{160861,213075}"
"{160862,156344}"
"{160865,0}"
"{160871,12277}"
"{160918,65442}"
"{161244,65532}"
"{161285,149991}"
"{161296,0}"
"{161337,91408}"
"{161496,0}"
"{161592,0}"
"{161716,159905}"
"{161736,0}"
"{161813,72788}"
"{162007,53588}"
"{162068,34015}"
"{162147,38742}"
"{162217,72701}"
"{162363,0}"
"{162483,93760}"
"{162553,92437}"
"{162592,92803}"
"{162599,97346}"
"{162602,102607}"
"{162755,11959}"
"{162763,223930}"
"{162807,93548}"
"{162832,93458}"
"{162955,0}"
"{162960,185788}"
"{163021,0}"
"{163024,143176}"
"{16314,0}"
"{163161,22553}"
"{163297,0}"
"{163416,165519}"
"{163430,150350}"
"{163450,0}"
"{163602,220735}"
"{163934,163935}"
"{163935,163936}"
"{163936,164024}"
"{164022,91680}"
"{164026,132891}"
"{164081,0}"
"{164088,0}"
"{164089,0}"
"{164091,0}"
"{164095,0}"
"{164096,0}"
"{164167,164168}"
"{164168,58092}"
"{164246,24878}"
"{164302,0}"
"{164387,34096}"
"{164388,73162}"
"{164416,164387}"
"{164550,92375}"
"{164659,23528}"
"{164660,0}"
"{164671,0}"
"{164898,72685}"
"{165161,22870}"
"{165208,160865}"
"{165518,91727}"
"{16579,0}"
"{165834,0}"
"{165857,150006}"
"{165976,186124}"
"{166080,219528}"
"{166108,40939}"
"{166128,58219}"
"{166148,58691}"
"{166280,38716}"
"{166300,0}"
"{166364,151111}"
"{166387,0}"
"{166472,18763}"
"{166581,184223}"
"{166739,0}"
"{166759,220253}"
"{16685,0}"
"{16691,0}"
"{166971,159826}"
"{167001,93290}"
"{167096,72828}"
"{167179,24105}"
"{167268,0}"
"{167739,0}"
"{167748,146776}"
"{169057,61965}"
"{16947,219482}"
"{16969,224289}"
"{17009,17010}"
"{17010,217964}"
"{17023,219522}"
"{17025,17023}"
"{17032,219227}"
"{17055,0}"
"{170583,0}"
"{17071,218065}"
"{17080,218066}"
"{17086,0}"
"{17094,217967}"
"{17105,218070}"
"{17117,11268}"
"{17130,219225}"
"{17139,17130}"
"{17147,218069}"
"{171771,25364}"
"{171796,171797}"
"{171797,0}"
"{171830,57480}"
"{171974,25503}"
"{171986,34172}"
"{172210,12373}"
"{173069,21186}"
"{173076,11702}"
"{173116,222911}"
"{173337,14401}"
"{173374,0}"
"{173435,34120}"
"{173436,73193}"
"{173437,73192}"
"{173438,173439}"
"{173439,0}"
"{173549,24551}"
"{173800,0}"
"{173801,173800}"
"{173977,12572}"
"{174112,175466}"
"{174131,175530}"
"{174138,175532}"
"{174288,11675}"
"{174444,63034}"
"{17499,21156}"
"{175218,0}"
"{175257,159754}"
"{175428,73025}"
"{175440,73107}"
"{175452,72991}"
"{175458,175467}"
"{175459,175463}"
"{175463,175458}"
"{175470,39153}"
"{175476,72964}"
"{175524,38835}"
"{175528,174131}"
"{175608,223217}"
"{176005,71563}"
"{176327,73015}"
"{17687,52912}"
"{17721,0}"
"{17749,39167}"
"{178092,0}"
"{17879,219387}"
"{178836,57275}"
"{179865,0}"
"{180877,52767}"
"{180902,57472}"
"{181050,166300}"
"{181060,0}"
"{181303,14721}"
"{181410,57871}"
"{181608,66554}"
"{181677,12372}"
"{181718,38726}"
"{181913,24514}"
"{182019,24502}"
"{182064,159755}"
"{182084,93004}"
"{183116,123735}"
"{183650,0}"
"{183747,12576}"
"{183757,24340}"
"{183758,24384}"
"{183761,24315}"
"{183762,24467}"
"{183764,24504}"
"{183820,0}"
"{184007,24494}"
"{184032,184224}"
"{184223,184032}"
"{184224,0}"
"{185020,0}"
"{18508,0}"
"{18549,0}"
"{185572,155962}"
"{185748,215791}"
"{185786,44497}"
"{185918,185919}"
"{185919,0}"
"{186113,22544}"
"{186114,0}"
"{186120,0}"
"{186122,160289}"
"{186129,21379}"
"{186294,36689}"
"{186397,0}"
"{18643,0}"
"{18650,0}"
"{186743,0}"
"{186766,0}"
"{186837,0}"
"{186909,0}"
"{186927,187490}"
"{186976,33295}"
"{187021,187560}"
"{187189,12628}"
"{187190,12624}"
"{187405,55944}"
"{187427,25493}"
"{187489,0}"
"{187490,0}"
"{187560,229059}"
"{18763,0}"
"{18771,0}"
"{18774,18771}"
"{18862,0}"
"{19015,19023}"
"{19038,0}"
"{19057,0}"
"{19064,0}"
"{19088,0}"
"{19590,0}"
"{19599,0}"
"{19608,19590}"
"{19624,19599}"
"{19638,222934}"
"{19646,222932}"
"{19647,19646}"
"{19661,222933}"
"{20253,0}"
"{20698,227517}"
"{20705,64680}"
"{20711,225965}"
"{20773,186388}"
"{21109,89514}"
"{21156,160143}"
"{21186,167215}"
"{21200,21198}"
"{21208,0}"
"{213016,58230}"
"{21306,21208}"
"{213076,160862}"
"{213135,66479}"
"{213140,12704}"
"{213141,0}"
"{213143,213144}"
"{213144,0}"
"{213189,163297}"
"{213193,11780}"
"{213210,0}"
"{213211,213210}"
"{213246,0}"
"{21328,80690}"
"{213423,214899}"
"{213425,123705}"
"{213467,91488}"
"{213491,41896}"
"{213502,213503}"
"{213503,0}"
"{213640,24331}"
"{213641,0}"
"{213720,57455}"
"{21379,0}"
"{21386,0}"
"{213867,0}"
"{213891,24088}"
"{21390,21398}"
"{213909,12319}"
"{213910,12270}"
"{21398,0}"
"{214007,115312}"
"{21408,0}"
"{214086,0}"
"{214139,36216}"
"{21418,21420}"
"{21422,186127}"
"{214259,0}"
"{21428,0}"
"{21429,21428}"
"{21432,72914}"
"{214360,0}"
"{214367,213143}"
"{214416,0}"
"{214417,219586}"
"{214418,214419}"
"{214419,0}"
"{214424,39372}"
"{214426,214424}"
"{214433,36077}"
"{214436,36066}"
"{214497,118771}"
"{214507,11451}"
"{214508,11401}"
"{21470,21473}"
"{214723,214724}"
"{21473,0}"
"{214769,187021}"
"{214852,100393}"
"{214899,0}"
"{215015,66571}"
"{215064,12761}"
"{215065,0}"
"{215153,36799}"
"{215174,24094}"
"{215675,63032}"
"{215702,104888}"
"{215744,215745}"
"{215862,0}"
"{216123,92746}"
"{216210,12838}"
"{216319,71543}"
"{216323,91791}"
"{216330,35051}"
"{216358,158840}"
"{216380,218681}"
"{216436,0}"
"{216437,216436}"
"{216691,0}"
"{216693,0}"
"{216789,72671}"
"{216894,13970}"
"{216911,216912}"
"{216912,0}"
"{216938,93183}"
"{216939,216940}"
"{216941,0}"
"{216942,12732}"
"{217017,214390}"
"{217089,91904}"
"{217090,217091}"
"{217091,91910}"
"{217253,0}"
"{217253,217254}"
"{217591,36795}"
"{217754,73137}"
"{217950,113035}"
"{217951,99947}"
"{217952,0}"
"{217953,24869}"
"{217954,24886}"
"{217955,229024}"
"{217956,72660}"
"{217960,0}"
"{217961,217960}"
"{217964,0}"
"{217967,0}"
"{217968,0}"
"{218065,0}"
"{218066,0}"
"{218069,0}"
"{218070,0}"
"{218119,62830}"
"{218170,218169}"
"{218256,80203}"
"{218307,40925}"
"{218373,34759}"
"{218421,36169}"
"{218424,0}"
"{218429,218430}"
"{218430,0}"
"{218544,174112}"
"{218575,71383}"
"{218589,62837}"
"{218594,186126}"
"{218595,218596}"
"{218596,34143}"
"{218622,0}"
"{218623,0}"
"{218681,0}"
"{218722,11402}"
"{218724,0}"
"{218727,0}"
"{218730,119132}"
"{218789,175608}"
"{219054,38669}"
"{219055,38665}"
"{219064,21470}"
"{219336,19608}"
"{219421,27578}"
"{219476,35992}"
"{219490,35985}"
"{219528,0}"
"{219538,0}"
"{219539,0}"
"{219564,132452}"
"{219567,0}"
"{219576,222626}"
"{219579,0}"
"{219632,219633}"
"{219663,0}"
"{219726,219727}"
"{219727,36737}"
"{219777,72808}"
"{219856,92622}"
"{219916,160352}"
"{219920,39284}"
"{220007,143351}"
"{220012,96971}"
"{220035,0}"
"{220069,22624}"
"{220072,116992}"
"{220123,215065}"
"{220130,24222}"
"{220134,220141}"
"{220136,36433}"
"{220141,0}"
"{220167,159919}"
"{220168,0}"
"{220170,0}"
"{220194,39304}"
"{220253,224837}"
"{220302,62598}"
"{220521,0}"
"{220689,163602}"
"{220797,0}"
"{220811,0}"
"{220816,220817}"
"{220844,38773}"
"{220845,220844}"
"{220853,98639}"
"{221326,158141}"
"{221806,119717}"
"{221808,0}"
"{221874,36629}"
"{222112,34227}"
"{222358,24102}"
"{222431,174756}"
"{222490,34116}"
"{222504,34107}"
"{222529,219538}"
"{222610,183763}"
"{222613,171983}"
"{222615,72821}"
"{222695,0}"
"{222696,222695}"
"{222785,149490}"
"{222878,25407}"
"{222906,114042}"
"{222921,222931}"
"{222931,19647}"
"{222932,229738}"
"{222933,19638}"
"{222934,19624}"
"{222946,24087}"
"{222947,38063}"
"{222966,80714}"
"{22301,22304}"
"{223027,25277}"
"{223055,215862}"
"{223081,163934}"
"{223118,71392}"
"{223196,0}"
"{223216,0}"
"{223364,72706}"
"{223526,0}"
"{223568,34268}"
"{223619,148812}"
"{223822,105841}"
"{223823,219092}"
"{223845,223823}"
"{224059,17721}"
"{224162,222693}"
"{224191,10775}"
"{224244,0}"
"{224291,0}"
"{224317,119104}"
"{224361,223196}"
"{224390,0}"
"{224404,71385}"
"{224406,58586}"
"{22450,0}"
"{224551,58774}"
"{22457,0}"
"{224682,77556}"
"{224689,100802}"
"{224711,62820}"
"{224772,92074}"
"{224774,92080}"
"{224778,214418}"
"{224786,220811}"
"{224917,220035}"
"{224919,0}"
"{224929,224928}"
"{22505,0}"
"{22506,22505}"
"{225140,0}"
"{22515,71088}"
"{225167,72895}"
"{225202,0}"
"{225204,0}"
"{22522,22526}"
"{22526,0}"
"{22544,22546}"
"{22546,22450}"
"{22553,186111}"
"{225532,82892}"
"{225533,82893}"
"{225546,72978}"
"{22586,159308}"
"{225889,104956}"
"{225907,93449}"
"{225965,0}"
"{226088,133523}"
"{226117,58316}"
"{226119,91498}"
"{22620,22622}"
"{22622,0}"
"{22624,22626}"
"{22626,0}"
"{226333,34009}"
"{226353,30580}"
"{226354,30613}"
"{226363,183650}"
"{226416,158202}"
"{226574,224919}"
"{226901,0}"
"{226991,21306}"
"{227071,227072}"
"{227072,0}"
"{227340,216941}"
"{227396,93304}"
"{227511,173438}"
"{227516,20711}"
"{227517,227516}"
"{227531,0}"
"{227532,0}"
"{227584,11739}"
"{227678,71696}"
"{227739,0}"
"{227751,186109}"
"{227829,119723}"
"{227843,0}"
"{228148,218724}"
"{228157,17055}"
"{228446,155837}"
"{228515,12696}"
"{22859,0}"
"{228592,214309}"
"{22870,165976}"
"{228728,0}"
"{228831,32721}"
"{228878,0}"
"{228879,228878}"
"{22891,0}"
"{229024,38803}"
"{229047,38548}"
"{229052,38307}"
"{229060,12734}"
"{22920,22924}"
"{229355,217968}"
"{229456,148804}"
"{229543,72844}"
"{229739,219336}"
"{229753,24564}"
"{229781,229753}"
"{229790,80754}"
"{229938,44502}"
"{229953,73188}"
"{23490,23501}"
"{23501,71768}"
"{23507,23517}"
"{23517,23522}"
"{23522,23525}"
"{23525,164659}"
"{23528,164660}"
"{23653,0}"
"{23680,120914}"
"{23684,23680}"
"{23694,23697}"
"{23697,23701}"
"{23701,23705}"
"{23705,23709}"
"{23749,36377}"
"{23861,23864}"
"{23864,23870}"
"{23870,23875}"
"{23875,0}"
"{24081,24083}"
"{24083,0}"
"{24087,0}"
"{24088,0}"
"{24093,222358}"
"{24094,0}"
"{24102,167179}"
"{24105,0}"
"{24113,0}"
"{24133,0}"
"{24152,0}"
"{24229,0}"
"{24234,0}"
"{24315,24317}"
"{24318,0}"
"{24331,183760}"
"{24340,24342}"
"{24384,0}"
"{24421,183759}"
"{24424,24421}"
"{24467,24468}"
"{24468,213641}"
"{24494,24495}"
"{24502,222610}"
"{24504,153731}"
"{24514,182020}"
"{24528,65685}"
"{24530,24528}"
"{24564,0}"
"{24581,229781}"
"{24774,219445}"
"{24869,24873}"
"{24873,164246}"
"{24878,228979}"
"{24883,217954}"
"{24886,0}"
"{24889,0}"
"{24946,24951}"
"{24975,24978}"
"{24998,91852}"
"{25015,25024}"
"{25017,25019}"
"{25019,159505}"
"{25099,25104}"
"{25104,0}"
"{25117,163834}"
"{25120,25124}"
"{25123,0}"
"{25124,0}"
"{25136,25137}"
"{25137,0}"
"{25139,25142}"
"{25141,213424}"
"{25142,80740}"
"{25144,137122}"
"{25155,80741}"
"{25158,0}"
"{25170,25174}"
"{25174,0}"
"{25187,0}"
"{25188,25186}"
"{25191,0}"
"{25198,25199}"
"{25200,0}"
"{25203,25206}"
"{25206,0}"
"{25222,0}"
"{25223,0}"
"{25226,25233}"
"{25230,0}"
"{25233,25238}"
"{25243,0}"
"{25248,25249}"
"{25249,176139}"
"{25255,136348}"
"{25256,0}"
"{25256,25259}"
"{25261,25265}"
"{25274,25275}"
"{25277,66115}"
"{25279,0}"
"{25283,0}"
"{25284,25286}"
"{25286,0}"
"{25287,0}"
"{25289,0}"
"{25295,0}"
"{25312,160678}"
"{25332,25334}"
"{25343,25344}"
"{25344,25351}"
"{25345,94047}"
"{25347,0}"
"{25351,0}"
"{25364,0}"
"{25377,25378}"
"{25378,0}"
"{25380,25382}"
"{25396,39214}"
"{25407,0}"
"{25446,0}"
"{25477,25482}"
"{25478,25477}"
"{25493,171974}"
"{25503,0}"
"{26288,26295}"
"{26290,26292}"
"{26292,0}"
"{26295,0}"
"{26303,26335}"
"{26335,0}"
"{26342,0}"
"{26346,0}"
"{26362,0}"
"{26364,26371}"
"{26371,0}"
"{26378,26383}"
"{26380,26397}"
"{26383,0}"
"{26397,26405}"
"{26405,0}"
"{26479,0}"
"{26482,0}"
"{26489,0}"
"{26510,32443}"
"{27131,0}"
"{27138,0}"
"{27245,0}"
"{27755,0}"
"{27846,0}"
"{30580,0}"
"{30600,0}"
"{30601,30602}"
"{30602,30603}"
"{30603,0}"
"{30613,0}"
"{30618,0}"
"{30624,186837}"
"{30629,30630}"
"{30637,0}"
"{30638,0}"
"{30645,186766}"
"{30653,0}"
"{30663,0}"
"{30669,0}"
"{31376,0}"
"{32198,32208}"
"{32208,0}"
"{32219,32222}"
"{32222,0}"
"{32305,20253}"
"{32340,0}"
"{32346,0}"
"{32377,0}"
"{32426,0}"
"{32427,32432}"
"{32432,0}"
"{32437,183820}"
"{32445,10744}"
"{32459,32469}"
"{32469,0}"
"{32710,0}"
"{32713,0}"
"{32716,0}"
"{32721,0}"
"{33295,33298}"
"{33972,0}"
"{33980,33976}"
"{34015,0}"
"{34034,34029}"
"{34037,12442}"
"{34050,34054}"
"{34054,0}"
"{34074,185970}"
"{34075,34074}"
"{34096,34098}"
"{34098,34101}"
"{34101,34106}"
"{34106,222504}"
"{34107,213642}"
"{34113,222490}"
"{34116,173435}"
"{34120,34122}"
"{34122,34124}"
"{34124,0}"
"{34143,0}"
"{34144,34145}"
"{34152,34153}"
"{34153,34156}"
"{34156,220052}"
"{34162,34163}"
"{34163,34164}"
"{34164,34167}"
"{34167,186119}"
"{34172,34173}"
"{34173,34174}"
"{34174,165871}"
"{34186,186120}"
"{34192,0}"
"{34193,34194}"
"{34198,0}"
"{34199,34209}"
"{34202,34206}"
"{34206,34207}"
"{34207,219547}"
"{34209,11993}"
"{34216,34218}"
"{34217,0}"
"{34218,34219}"
"{34219,34221}"
"{34221,34228}"
"{34224,34225}"
"{34225,222112}"
"{34228,34224}"
"{34230,0}"
"{34233,0}"
"{34235,34236}"
"{34236,34239}"
"{34237,0}"
"{34238,158104}"
"{34239,34248}"
"{34244,0}"
"{34246,219539}"
"{34248,34246}"
"{34251,0}"
"{34255,0}"
"{34257,0}"
"{34260,34262}"
"{34262,219509}"
"{34266,223568}"
"{34268,224059}"
"{34274,0}"
"{34275,0}"
"{34283,34284}"
"{34284,34288}"
"{34286,0}"
"{34287,34289}"
"{34288,219497}"
"{34289,0}"
"{34291,34294}"
"{34292,0}"
"{34301,34305}"
"{34302,34303}"
"{34303,0}"
"{34305,0}"
"{34306,219111}"
"{34307,34306}"
"{34341,34345}"
"{34345,34349}"
"{34346,0}"
"{34356,0}"
"{34376,34377}"
"{34403,0}"
"{34415,34403}"
"{34426,223055}"
"{34649,34657}"
"{34651,34649}"
"{34657,34646}"
"{34682,0}"
"{34685,34682}"
"{34689,34685}"
"{34725,0}"
"{34730,0}"
"{34755,0}"
"{34759,34755}"
"{34993,0}"
"{34993,34987}"
"{34993,34997}"
"{34993,34998}"
"{35051,35056}"
"{35274,0}"
"{35303,214823}"
"{35318,0}"
"{35869,14121}"
"{35969,218647}"
"{35981,0}"
"{35985,0}"
"{35992,0}"
"{36041,0}"
"{36047,0}"
"{36066,0}"
"{36070,0}"
"{36077,0}"
"{36132,165857}"
"{36139,218420}"
"{36160,185915}"
"{36169,0}"
"{36176,0}"
"{36184,0}"
"{36205,0}"
"{36216,0}"
"{36231,0}"
"{36234,36231}"
"{36247,0}"
"{36251,0}"
"{36253,0}"
"{36258,36253}"
"{36265,0}"
"{36291,0}"
"{36292,0}"
"{36296,0}"
"{36298,0}"
"{36301,0}"
"{36302,36265}"
"{36303,0}"
"{36315,14550}"
"{36317,36312}"
"{36323,0}"
"{36331,0}"
"{36340,0}"
"{36343,0}"
"{36349,0}"
"{36356,122393}"
"{36358,0}"
"{36377,36356}"
"{36384,0}"
"{36389,159405}"
"{36406,0}"
"{36407,172371}"
"{36417,36412}"
"{36425,0}"
"{36430,0}"
"{36433,220137}"
"{36440,226901}"
"{36453,0}"
"{36460,36461}"
"{36461,0}"
"{36473,0}"
"{36476,36471}"
"{36483,0}"
"{36490,36483}"
"{36499,0}"
"{36502,36505}"
"{36504,0}"
"{36513,0}"
"{36515,36554}"
"{36520,0}"
"{36534,0}"
"{36541,36531}"
"{36550,219483}"
"{36552,36550}"
"{36554,36551}"
"{36568,36541}"
"{36577,36568}"
"{36578,0}"
"{36582,36578}"
"{36588,36583}"
"{36592,0}"
"{36606,0}"
"{36624,0}"
"{36628,36624}"
"{36629,36625}"
"{36633,36628}"
"{36635,36633}"
"{36639,221874}"
"{36644,36639}"
"{36650,223378}"
"{36670,0}"
"{36673,0}"
"{36677,36673}"
"{36678,147402}"
"{36679,36670}"
"{36681,36678}"
"{36682,36681}"
"{36686,0}"
"{36694,0}"
"{36700,36694}"
"{36702,36697}"
"{36704,36700}"
"{36706,36702}"
"{36708,43189}"
"{36711,0}"
"{36711,166737}"
"{36714,36711}"
"{36720,0}"
"{36723,0}"
"{36730,36720}"
"{36731,36723}"
"{36732,120902}"
"{36737,0}"
"{36738,0}"
"{36740,36738}"
"{36745,36742}"
"{36746,219726}"
"{36749,0}"
"{36752,0}"
"{36753,36749}"
"{36755,36753}"
"{36758,36752}"
"{36760,36755}"
"{36762,36758}"
"{36766,0}"
"{36768,0}"
"{36771,36766}"
"{36772,36771}"
"{36774,36772}"
"{36783,0}"
"{36784,0}"
"{36788,36784}"
"{36790,36783}"
"{36792,36788}"
"{36797,217591}"
"{36799,36797}"
"{36800,36792}"
"{36834,0}"
"{37720,37722}"
"{37722,0}"
"{37833,0}"
"{37842,37840}"
"{37846,37842}"
"{37925,229991}"
"{37957,227699}"
"{37959,37957}"
"{37961,0}"
"{37963,0}"
"{37966,0}"
"{37969,0}"
"{37970,37969}"
"{38033,0}"
"{38036,114043}"
"{38037,0}"
"{38040,222886}"
"{38043,38040}"
"{38058,38059}"
"{38059,38060}"
"{38063,0}"
"{38286,229057}"
"{38287,38286}"
"{38301,38297}"
"{38305,38301}"
"{38307,38305}"
"{38489,229048}"
"{38508,38489}"
"{38535,149528}"
"{38548,38546}"
"{38599,0}"
"{38604,38599}"
"{38620,38619}"
"{38624,38620}"
"{38628,38633}"
"{38633,38639}"
"{38637,229045}"
"{38639,0}"
"{38654,38637}"
"{38662,38660}"
"{38664,38662}"
"{38665,0}"
"{38669,219055}"
"{38671,38677}"
"{38677,0}"
"{38682,0}"
"{38688,38682}"
"{38689,38688}"
"{38691,38689}"
"{38698,38699}"
"{38699,38701}"
"{38701,38703}"
"{38703,214540}"
"{38710,0}"
"{38716,221326}"
"{38719,166280}"
"{38721,38719}"
"{38726,38730}"
"{38730,38732}"
"{38733,38734}"
"{38734,38738}"
"{38738,0}"
"{38742,0}"
"{38750,162147}"
"{38759,38750}"
"{38772,38779}"
"{38773,229038}"
"{38779,38781}"
"{38781,174138}"
"{38797,220845}"
"{38803,38797}"
"{38823,217955}"
"{38835,109587}"
"{38850,38852}"
"{38852,0}"
"{38857,0}"
"{39088,185789}"
"{39099,39100}"
"{39153,39152}"
"{39164,0}"
"{39166,39164}"
"{39167,39168}"
"{39168,39169}"
"{39169,0}"
"{39179,0}"
"{39185,175473}"
"{39193,222723}"
"{39200,162983}"
"{39202,39200}"
"{39207,39202}"
"{39214,0}"
"{39222,39223}"
"{39223,0}"
"{39232,39193}"
"{39284,39287}"
"{39287,39289}"
"{39289,0}"
"{39304,0}"
"{39312,0}"
"{39315,39312}"
"{39329,39320}"
"{39338,39329}"
"{39362,214426}"
"{39372,0}"
"{39723,0}"
"{39876,227396}"
"{39880,0}"
"{39883,0}"
"{39942,0}"
"{39943,0}"
"{40916,40915}"
"{40917,40916}"
"{40918,40917}"
"{40919,40921}"
"{40921,218307}"
"{40928,40929}"
"{40929,0}"
"{40934,160037}"
"{40938,70977}"
"{40939,40942}"
"{40942,73036}"
"{40948,40949}"
"{40949,40950}"
"{40950,0}"
"{41888,0}"
"{41891,41888}"
"{41892,41891}"
"{41895,41892}"
"{41896,223845}"
"{41901,213490}"
"{41903,41895}"
"{43184,43185}"
"{43185,43186}"
"{43186,36708}"
"{43192,43195}"
"{43195,94789}"
"{43199,223786}"
"{43203,43206}"
"{44464,214415}"
"{44490,225194}"
"{44497,0}"
"{44502,44503}"
"{44704,44742}"
"{44729,44704}"
"{44794,44799}"
"{44799,213816}"
"{45101,221809}"
"{45197,0}"
"{47391,47393}"
"{47928,100028}"
"{48328,0}"
"{48330,0}"
"{48347,0}"
"{48349,48347}"
"{48350,48328}"
"{48587,0}"
"{48589,0}"
"{48591,48589}"
"{48614,48587}"
"{49477,49484}"
"{49484,0}"
"{49499,0}"
"{49509,0}"
"{50055,0}"
"{50067,0}"
"{51740,51741}"
"{51741,51745}"
"{51745,0}"
"{51749,162608}"
"{51750,51749}"
"{51752,51756}"
"{51756,51762}"
"{51759,51767}"
"{51762,0}"
"{51908,56719}"
"{5207,5206}"
"{5209,5211}"
"{52161,153675}"
"{52300,223380}"
"{52359,148716}"
"{52434,214417}"
"{52454,52456}"
"{52560,52562}"
"{52561,52564}"
"{52562,52565}"
"{52564,52567}"
"{52565,52570}"
"{52567,52568}"
"{52568,52572}"
"{52570,223194}"
"{52572,223195}"
"{52582,52585}"
"{52583,153724}"
"{52585,223237}"
"{52610,0}"
"{52662,0}"
"{52665,52666}"
"{52670,0}"
"{52767,12688}"
"{53099,53100}"
"{53101,53098}"
"{5316,0}"
"{5336,0}"
"{5340,0}"
"{53588,0}"
"{53651,0}"
"{5367,0}"
"{5395,0}"
"{54674,54673}"
"{54676,0}"
"{54682,0}"
"{5471,0}"
"{54885,93967}"
"{54888,54885}"
"{54889,54894}"
"{54892,155162}"
"{54894,54892}"
"{54897,54889}"
"{54899,54897}"
"{54904,67135}"
"{54956,54958}"
"{54958,0}"
"{54966,0}"
"{54967,54966}"
"{54993,54995}"
"{55023,0}"
"{55379,100519}"
"{55380,0}"
"{55392,0}"
"{55394,55380}"
"{55493,0}"
"{55499,55501}"
"{55578,55579}"
"{55584,159560}"
"{55585,55584}"
"{55586,55585}"
"{55646,0}"
"{55648,55649}"
"{55703,55701}"
"{55705,80673}"
"{55944,0}"
"{55953,55952}"
"{55955,55956}"
"{55965,0}"
"{55989,0}"
"{55991,65687}"
"{56086,0}"
"{56087,56086}"
"{56241,56267}"
"{56335,56338}"
"{56338,56345}"
"{56345,221182}"
"{56719,86401}"
"{5702,29440}"
"{57275,0}"
"{57344,0}"
"{57442,0}"
"{57454,159531}"
"{57455,0}"
"{57471,57475}"
"{57472,57474}"
"{57474,171830}"
"{57480,57486}"
"{57484,57491}"
"{57486,0}"
"{57487,0}"
"{57490,57487}"
"{57491,57493}"
"{57494,57492}"
"{57500,57512}"
"{57506,57509}"
"{57509,57511}"
"{57511,57532}"
"{57512,216254}"
"{57527,0}"
"{57532,0}"
"{57544,161296}"
"{57546,57544}"
"{57547,57546}"
"{57560,57552}"
"{57562,57560}"
"{57572,57574}"
"{57574,90050}"
"{57645,157268}"
"{57696,150396}"
"{57698,0}"
"{57702,0}"
"{57706,57702}"
"{57707,57706}"
"{57713,57717}"
"{57714,0}"
"{57717,164337}"
"{57720,0}"
"{57721,57720}"
"{57722,57721}"
"{57724,0}"
"{57725,57724}"
"{57728,57729}"
"{57733,121445}"
"{57736,71483}"
"{57739,0}"
"{57742,57739}"
"{57749,57747}"
"{57754,57749}"
"{57755,57754}"
"{57757,150483}"
"{57759,150482}"
"{57761,0}"
"{57762,0}"
"{57823,0}"
"{57854,150425}"
"{57871,0}"
"{57883,0}"
"{57969,57971}"
"{57971,58013}"
"{58000,71495}"
"{58013,0}"
"{58092,0}"
"{58117,58122}"
"{58122,163450}"
"{58138,94048}"
"{58139,164026}"
"{58142,58143}"
"{58143,58144}"
"{58144,0}"
"{58150,214367}"
"{58173,58176}"
"{58176,58177}"
"{58177,0}"
"{58215,58246}"
"{58217,166128}"
"{58219,58220}"
"{58220,55493}"
"{58221,58222}"
"{58222,58223}"
"{58228,65680}"
"{58230,0}"
"{58244,217977}"
"{58245,58244}"
"{58246,58245}"
"{58279,58280}"
"{58280,0}"
"{58281,0}"
"{58282,58281}"
"{58299,0}"
"{58300,0}"
"{58305,214259}"
"{58306,158459}"
"{58311,0}"
"{58316,230369}"
"{58319,228519}"
"{58327,150424}"
"{58332,0}"
"{58336,0}"
"{58351,0}"
"{58356,0}"
"{58357,58356}"
"{58358,58357}"
"{58456,58458}"
"{58458,0}"
"{58468,218589}"
"{58472,58486}"
"{58483,58481}"
"{58500,223216}"
"{58523,58522}"
"{58583,58581}"
"{58586,0}"
"{58589,0}"
"{58590,58589}"
"{58653,62995}"
"{58687,92693}"
"{58688,58687}"
"{58691,0}"
"{58694,218288}"
"{58774,0}"
"{58775,0}"
"{61960,0}"
"{61965,0}"
"{61970,0}"
"{61973,218115}"
"{61977,0}"
"{62129,62131}"
"{62131,0}"
"{62136,0}"
"{62140,62136}"
"{62141,62214}"
"{62407,0}"
"{62418,62416}"
"{62419,0}"
"{62493,62494}"
"{62494,0}"
"{62497,0}"
"{62524,62526}"
"{62526,62529}"
"{62529,0}"
"{62529,62531}"
"{62529,62533}"
"{62598,0}"
"{62603,57471}"
"{62607,0}"
"{62623,0}"
"{62816,157425}"
"{62820,62816}"
"{62830,62832}"
"{62832,0}"
"{62833,62834}"
"{62834,0}"
"{62837,218590}"
"{62849,62851}"
"{62851,0}"
"{62855,80607}"
"{62858,57344}"
"{62940,0}"
"{62941,62940}"
"{62944,62946}"
"{62946,0}"
"{62992,73527}"
"{62993,62992}"
"{62995,0}"
"{62998,0}"
"{63001,63002}"
"{63002,0}"
"{63004,63005}"
"{63005,0}"
"{63034,63035}"
"{63035,0}"
"{63038,63008}"
"{63061,63062}"
"{63062,63063}"
"{63063,63065}"
"{63065,152159}"
"{63099,63100}"
"{63100,63101}"
"{63101,63072}"
"{63164,63165}"
"{63165,63166}"
"{63166,0}"
"{63169,0}"
"{63174,0}"
"{63177,121979}"
"{63178,63177}"
"{63191,156859}"
"{63203,0}"
"{63204,63203}"
"{64329,64333}"
"{64331,64342}"
"{64342,0}"
"{65336,21109}"
"{65438,221804}"
"{65441,0}"
"{65442,0}"
"{65445,160918}"
"{65529,0}"
"{65531,65530}"
"{65533,161244}"
"{65537,16314}"
"{65544,224159}"
"{65663,0}"
"{65667,65669}"
"{65668,0}"
"{65669,0}"
"{65675,221808}"
"{65679,55499}"
"{65685,86992}"
"{65686,181912}"
"{65687,0}"
"{65693,27245}"
"{65798,0}"
"{65800,0}"
"{65802,65800}"
"{66479,0}"
"{66488,0}"
"{66504,152170}"
"{66513,164671}"
"{66516,0}"
"{66533,66535}"
"{66535,0}"
"{66542,66540}"
"{66549,66542}"
"{66554,86949}"
"{66566,0}"
"{66571,0}"
"{66586,0}"
"{66615,166387}"
"{66697,0}"
"{66697,220896}"
"{66761,66771}"
"{66771,66772}"
"{66772,66776}"
"{67135,54901}"
"{69283,14674}"
"{70977,166108}"
"{71059,0}"
"{71071,0}"
"{71175,223026}"
"{71176,71175}"
"{71381,71384}"
"{71383,224404}"
"{71384,71388}"
"{71385,0}"
"{71388,0}"
"{71390,0}"
"{71392,94704}"
"{71394,0}"
"{71398,71401}"
"{71400,71404}"
"{71401,0}"
"{71404,0}"
"{71409,0}"
"{71410,0}"
"{71417,0}"
"{71418,55646}"
"{71422,0}"
"{71423,0}"
"{71425,71427}"
"{71426,0}"
"{71427,0}"
"{71429,185892}"
"{71435,71436}"
"{71436,0}"
"{71440,0}"
"{71449,0}"
"{71454,0}"
"{71459,71460}"
"{71460,0}"
"{71476,0}"
"{71483,0}"
"{71494,0}"
"{71543,0}"
"{71545,71546}"
"{71546,0}"
"{71550,0}"
"{71558,71561}"
"{71561,176005}"
"{71563,0}"
"{71586,0}"
"{71614,0}"
"{71615,0}"
"{71622,12853}"
"{71623,215943}"
"{71626,0}"
"{71635,71634}"
"{71645,0}"
"{71663,0}"
"{71692,0}"
"{71696,0}"
"{71699,0}"
"{71768,23507}"
"{71772,148945}"
"{71783,173546}"
"{7189,0}"
"{7192,0}"
"{7200,0}"
"{7247,7251}"
"{72620,0}"
"{72628,217961}"
"{72629,72628}"
"{72632,0}"
"{72635,72636}"
"{72636,0}"
"{72640,72642}"
"{72642,0}"
"{72642,217958}"
"{72642,217959}"
"{72647,72645}"
"{72650,0}"
"{72652,0}"
"{72656,72652}"
"{72658,72656}"
"{72660,72662}"
"{72662,0}"
"{72668,216789}"
"{72671,0}"
"{72673,72674}"
"{72680,0}"
"{72683,72680}"
"{72685,72683}"
"{72692,72696}"
"{72696,162217}"
"{72701,0}"
"{72708,0}"
"{72710,72708}"
"{72711,72710}"
"{72734,72735}"
"{72735,72737}"
"{72737,223364}"
"{72780,219089}"
"{72788,0}"
"{72808,0}"
"{72810,219777}"
"{72814,151562}"
"{72821,72824}"
"{72824,72825}"
"{72825,72826}"
"{72828,72830}"
"{72830,222613}"
"{72844,72842}"
"{72845,229543}"
"{72847,72845}"
"{72849,72847}"
"{72854,72851}"
"{72856,72854}"
"{72860,72862}"
"{72862,72867}"
"{72867,167183}"
"{72871,72872}"
"{72872,72874}"
"{72875,72876}"
"{72876,219081}"
"{72880,0}"
"{72887,0}"
"{72890,72887}"
"{72895,72890}"
"{72900,72906}"
"{72906,72907}"
"{72907,72908}"
"{72914,72916}"
"{72916,72921}"
"{72921,72877}"
"{72954,175522}"
"{72959,72954}"
"{72964,72959}"
"{72970,229791}"
"{72973,72976}"
"{72976,225546}"
"{72978,219606}"
"{72991,0}"
"{72996,175456}"
"{73003,218545}"
"{73010,0}"
"{73015,0}"
"{73018,176327}"
"{73021,73018}"
"{73025,73021}"
"{73032,73035}"
"{73035,175439}"
"{73036,40948}"
"{73107,0}"
"{73110,0}"
"{73114,175446}"
"{73133,73134}"
"{73137,0}"
"{73140,0}"
"{73160,164388}"
"{73162,0}"
"{73166,164377}"
"{73170,0}"
"{73177,0}"
"{73182,0}"
"{73184,0}"
"{73186,37833}"
"{73188,0}"
"{73191,0}"
"{73193,173437}"
"{73199,73197}"
"{73200,73202}"
"{73202,0}"
"{73205,73206}"
"{73206,0}"
"{73209,162599}"
"{74712,0}"
"{74836,0}"
"{74854,0}"
"{74862,0}"
"{74863,74862}"
"{74864,74863}"
"{74867,74864}"
"{74870,74868}"
"{74895,74896}"
"{74921,0}"
"{75210,0}"
"{75212,0}"
"{75216,0}"
"{75221,75222}"
"{75222,75223}"
"{75223,75210}"
"{75226,0}"
"{75242,0}"
"{75382,0}"
"{75403,75405}"
"{77452,0}"
"{77461,161592}"
"{77462,77461}"
"{77463,77462}"
"{77464,0}"
"{77466,77464}"
"{77467,77466}"
"{77484,77486}"
"{77487,77488}"
"{77488,0}"
"{77492,148365}"
"{77520,0}"
"{77526,0}"
"{77545,0}"
"{77554,0}"
"{77556,0}"
"{77562,0}"
"{79100,14364}"
"{80162,36790}"
"{80181,0}"
"{80202,0}"
"{80203,80205}"
"{80309,0}"
"{80337,80341}"
"{80340,80337}"
"{80356,186110}"
"{80360,0}"
"{80512,62855}"
"{80537,11532}"
"{80538,11524}"
"{80539,80540}"
"{80540,17117}"
"{80606,62858}"
"{80690,220102}"
"{80714,0}"
"{80741,0}"
"{80747,0}"
"{80754,72973}"
"{80834,25347}"
"{80869,11496}"
"{82874,82875}"
"{82875,0}"
"{82880,82874}"
"{82892,0}"
"{82893,0}"
"{82895,225533}"
"{82898,82897}"
"{82900,82895}"
"{82901,82898}"
"{82904,82902}"
"{82907,82904}"
"{82917,0}"
"{82918,82917}"
"{85124,85125}"
"{86401,0}"
"{86949,0}"
"{8697,52662}"
"{88602,88603}"
"{88603,0}"
"{88610,0}"
"{88619,88621}"
"{88709,0}"
"{88821,88817}"
"{88824,88821}"
"{88827,88824}"
"{88968,0}"
"{89514,89513}"
"{89972,0}"
"{90725,0}"
"{90739,0}"
"{90923,90932}"
"{90930,57277}"
"{90932,90931}"
"{91196,0}"
"{91208,0}"
"{91213,0}"
"{91265,159099}"
"{91401,161338}"
"{91402,91401}"
"{91403,91407}"
"{91407,91409}"
"{91408,161336}"
"{91422,91424}"
"{91424,135651}"
"{91429,172266}"
"{91439,91441}"
"{91441,0}"
"{91448,143304}"
"{91481,91483}"
"{91482,217438}"
"{91483,91487}"
"{91487,91489}"
"{91488,220302}"
"{91489,220327}"
"{91496,91504}"
"{91498,91499}"
"{91501,91509}"
"{91504,91510}"
"{91509,91517}"
"{91517,0}"
"{91518,159263}"
"{91519,91549}"
"{91526,91551}"
"{91549,91552}"
"{91551,228277}"
"{91552,91553}"
"{91553,158201}"
"{91568,0}"
"{91570,157127}"
"{91574,91568}"
"{91578,91570}"
"{91582,91574}"
"{91629,91625}"
"{91680,223081}"
"{91696,0}"
"{91706,0}"
"{91727,0}"
"{91745,121664}"
"{91760,91765}"
"{91765,91767}"
"{91768,159503}"
"{91777,0}"
"{91785,216323}"
"{91791,91793}"
"{91794,91802}"
"{91803,91804}"
"{91804,91806}"
"{91806,91807}"
"{91845,163299}"
"{91848,0}"
"{91853,91860}"
"{91884,158744}"
"{91904,217090}"
"{91935,0}"
"{91938,91935}"
"{91940,91938}"
"{91941,91937}"
"{91943,91940}"
"{92005,0}"
"{92007,92005}"
"{92016,152161}"
"{92024,0}"
"{92116,0}"
"{92177,0}"
"{92187,0}"
"{92204,92201}"
"{92216,0}"
"{92364,92362}"
"{92367,92364}"
"{92371,0}"
"{92374,0}"
"{92375,0}"
"{92381,0}"
"{92384,92381}"
"{92385,144931}"
"{92386,92384}"
"{92388,0}"
"{92389,0}"
"{92394,94421}"
"{92403,92402}"
"{92405,92403}"
"{92407,92405}"
"{92424,0}"
"{92428,92424}"
"{92430,0}"
"{92437,0}"
"{92447,92446}"
"{92451,92447}"
"{92456,0}"
"{92458,92456}"
"{92471,228577}"
"{92494,92493}"
"{92499,121567}"
"{92552,0}"
"{92555,92552}"
"{92566,92555}"
"{92569,92566}"
"{92583,0}"
"{92590,92588}"
"{92594,92590}"
"{92724,94792}"
"{92735,0}"
"{92738,216124}"
"{92746,0}"
"{92792,148832}"
"{92803,92809}"
"{92804,92808}"
"{92808,92810}"
"{92809,92811}"
"{92810,92819}"
"{92811,92813}"
"{92813,92820}"
"{92819,0}"
"{92820,0}"
"{92844,92848}"
"{92848,92850}"
"{92856,0}"
"{92874,92888}"
"{92876,92890}"
"{92888,92876}"
"{92890,0}"
"{92892,0}"
"{92895,223526}"
"{92898,92903}"
"{92900,92901}"
"{92902,92906}"
"{92903,92905}"
"{92906,0}"
"{92977,0}"
"{92982,92977}"
"{92986,0}"
"{92991,92995}"
"{92995,182084}"
"{93004,0}"
"{93006,0}"
"{93014,0}"
"{93018,93024}"
"{93024,0}"
"{93043,93040}"
"{93091,93093}"
"{93093,93094}"
"{93156,0}"
"{93168,216939}"
"{93172,93171}"
"{93182,93181}"
"{93183,0}"
"{93185,93182}"
"{93227,93224}"
"{93290,0}"
"{93297,0}"
"{93304,0}"
"{93341,93344}"
"{93344,0}"
"{93449,0}"
"{93458,225906}"
"{93465,162832}"
"{93466,93465}"
"{93469,93466}"
"{93470,93014}"
"{93473,229530}"
"{93477,93473}"
"{93478,93477}"
"{93479,93478}"
"{93547,0}"
"{93548,0}"
"{93550,0}"
"{93595,0}"
"{93595,93600}"
"{93602,93604}"
"{93604,0}"
"{93617,0}"
"{93620,93623}"
"{93623,93631}"
"{93631,0}"
"{93641,0}"
"{93646,0}"
"{93650,0}"
"{93748,0}"
"{93750,138249}"
"{93755,0}"
"{93760,162482}"
"{93761,93755}"
"{93762,0}"
"{93765,0}"
"{93767,93762}"
"{93768,95588}"
"{93951,93949}"
"{93952,93951}"
"{93955,93952}"
"{93961,93955}"
"{93962,93961}"
"{94000,0}"
"{94005,0}"
"{94047,64331}"
"{94048,160194}"
"{94069,12659}"
"{94099,21408}"
"{94105,21386}"
"{94299,94302}"
"{94302,0}"
"{94398,94399}"
"{94399,92844}"
"{94421,0}"
"{94422,0}"
"{94690,0}"
"{94792,94793}"
"{94793,92735}"
"{95367,0}"
"{95528,95529}"
"{95529,95530}"
"{95530,95532}"
"{95532,95544}"
"{95570,95572}"
"{95572,95573}"
"{95573,95574}"
"{95574,0}"
"{95577,95580}"
"{95580,0}"
"{95588,95590}"
"{95590,95592}"
"{95591,95593}"
"{95592,95591}"
"{95593,0}"
"{95767,213193}"
"{95783,95785}"
"{95785,0}"
"{95794,0}"
"{96456,96460}"
"{96460,0}"
"{96628,15568}"
"{96971,0}"
"{97346,0}"
"{98176,0}"
"{98177,176308}"
"{98639,98643}"
"{98643,0}"
"{98689,98691}"
"{98699,151727}"
"{98709,26346}"
"{98810,98808}"
"{98895,222941}"
"{98897,98898}"
"{98898,222910}"
"{98953,98955}"
"{98955,98956}"
"{98960,0}"
"{98968,98970}"
"{98970,98974}"
"{98974,0}"
"{98979,0}"
"{98980,98979}"
"{98983,95367}"
"{98988,98983}"
"{99781,0}"
"{99781,161233}"
"{99783,0}"
"{99792,99783}"
"{99857,155854}"
"{99860,92513}"
"{99947,0}"
"{99963,0}"
"{99971,0}"
"{99983,0}"
"{99990,0}"
"{99992,0}"
